-- phpMyAdmin SQL Dump
-- version 5.2.1
-- https://www.phpmyadmin.net/
--
-- Host: localhost:3306
-- Generation Time: Nov 16, 2024 at 12:59 PM
-- Server version: 8.0.30
-- PHP Version: 8.1.10

SET SQL_MODE = "NO_AUTO_VALUE_ON_ZERO";
START TRANSACTION;
SET time_zone = "+00:00";


/*!40101 SET @OLD_CHARACTER_SET_CLIENT=@@CHARACTER_SET_CLIENT */;
/*!40101 SET @OLD_CHARACTER_SET_RESULTS=@@CHARACTER_SET_RESULTS */;
/*!40101 SET @OLD_COLLATION_CONNECTION=@@COLLATION_CONNECTION */;
/*!40101 SET NAMES utf8mb4 */;

--
-- Database: `ecommerce`
--

-- --------------------------------------------------------

--
-- Table structure for table `admins`
--

CREATE TABLE `admins` (
  `id` bigint UNSIGNED NOT NULL,
  `name` varchar(255) CHARACTER SET utf8mb4 COLLATE utf8mb4_unicode_ci NOT NULL,
  `email` varchar(255) CHARACTER SET utf8mb4 COLLATE utf8mb4_unicode_ci NOT NULL,
  `email_verified_at` timestamp NULL DEFAULT NULL,
  `password` varchar(255) CHARACTER SET utf8mb4 COLLATE utf8mb4_unicode_ci NOT NULL,
  `phone` varchar(255) CHARACTER SET utf8mb4 COLLATE utf8mb4_unicode_ci DEFAULT NULL,
  `brand` varchar(255) CHARACTER SET utf8mb4 COLLATE utf8mb4_unicode_ci DEFAULT NULL,
  `category` varchar(255) CHARACTER SET utf8mb4 COLLATE utf8mb4_unicode_ci DEFAULT NULL,
  `product` varchar(255) CHARACTER SET utf8mb4 COLLATE utf8mb4_unicode_ci DEFAULT NULL,
  `slider` varchar(255) CHARACTER SET utf8mb4 COLLATE utf8mb4_unicode_ci DEFAULT NULL,
  `coupons` varchar(255) CHARACTER SET utf8mb4 COLLATE utf8mb4_unicode_ci DEFAULT NULL,
  `shipping` varchar(255) CHARACTER SET utf8mb4 COLLATE utf8mb4_unicode_ci DEFAULT NULL,
  `returnorder` varchar(255) CHARACTER SET utf8mb4 COLLATE utf8mb4_unicode_ci DEFAULT NULL,
  `review` varchar(255) CHARACTER SET utf8mb4 COLLATE utf8mb4_unicode_ci DEFAULT NULL,
  `orders` varchar(255) CHARACTER SET utf8mb4 COLLATE utf8mb4_unicode_ci DEFAULT NULL,
  `blog` varchar(255) CHARACTER SET utf8mb4 COLLATE utf8mb4_unicode_ci DEFAULT NULL,
  `setting` varchar(255) CHARACTER SET utf8mb4 COLLATE utf8mb4_unicode_ci DEFAULT NULL,
  `stock` varchar(255) CHARACTER SET utf8mb4 COLLATE utf8mb4_unicode_ci DEFAULT NULL,
  `reports` varchar(255) CHARACTER SET utf8mb4 COLLATE utf8mb4_unicode_ci DEFAULT NULL,
  `alluser` varchar(255) CHARACTER SET utf8mb4 COLLATE utf8mb4_unicode_ci DEFAULT NULL,
  `adminuserrole` varchar(255) CHARACTER SET utf8mb4 COLLATE utf8mb4_unicode_ci DEFAULT NULL,
  `type` int DEFAULT NULL,
  `remember_token` varchar(100) CHARACTER SET utf8mb4 COLLATE utf8mb4_unicode_ci DEFAULT NULL,
  `current_team_id` bigint UNSIGNED DEFAULT NULL,
  `profile_photo_path` text CHARACTER SET utf8mb4 COLLATE utf8mb4_unicode_ci,
  `created_at` timestamp NULL DEFAULT NULL,
  `updated_at` timestamp NULL DEFAULT NULL
) ENGINE=InnoDB DEFAULT CHARSET=utf8mb4 COLLATE=utf8mb4_unicode_ci;

--
-- Dumping data for table `admins`
--

INSERT INTO `admins` (`id`, `name`, `email`, `email_verified_at`, `password`, `phone`, `brand`, `category`, `product`, `slider`, `coupons`, `shipping`, `returnorder`, `review`, `orders`, `blog`, `setting`, `stock`, `reports`, `alluser`, `adminuserrole`, `type`, `remember_token`, `current_team_id`, `profile_photo_path`, `created_at`, `updated_at`) VALUES
(1, 'Superadmin', 'superadmin@gmail.com', '2022-04-09 02:26:43', '$2y$10$SQE.RtCZA0FxI9/FGjb9keYavIy/ymLSP30.35PJjX6OJw3TGLCJC', NULL, '1', '1', '1', '1', '1', '1', '1', '1', '1', '1', '1', '1', '1', '1', '1', 1, 'etaxt24lUZuDQWn6gLEsyxLXB3mChjy9tJmbnIEo1GzrslaeYS6qMXezsG0K', NULL, '20220416015112.jpeg', '2022-04-09 02:26:43', '2022-05-12 09:05:29'),
(2, 'Admin', 'admin@gmail.com', NULL, '$2y$10$v3IfY1fOTGNLDeqlwfGSReM5tN3L7K7m0tcIDxIWvouyqkRJUZQ.S', '0895335490295', '1', '1', '1', '1', '1', '1', '1', '1', '1', NULL, NULL, '1', NULL, NULL, NULL, 2, NULL, NULL, '202205121804avatar-1.png', '2022-05-12 11:02:41', '2022-05-12 11:04:37');

-- --------------------------------------------------------

--
-- Table structure for table `blog_posts`
--

CREATE TABLE `blog_posts` (
  `id` bigint UNSIGNED NOT NULL,
  `category_id` int NOT NULL,
  `post_title_en` varchar(255) CHARACTER SET utf8mb4 COLLATE utf8mb4_unicode_ci NOT NULL,
  `post_slug_en` varchar(255) CHARACTER SET utf8mb4 COLLATE utf8mb4_unicode_ci NOT NULL,
  `post_image` varchar(255) CHARACTER SET utf8mb4 COLLATE utf8mb4_unicode_ci NOT NULL,
  `post_details_en` text CHARACTER SET utf8mb4 COLLATE utf8mb4_unicode_ci NOT NULL,
  `created_at` timestamp NULL DEFAULT NULL,
  `updated_at` timestamp NULL DEFAULT NULL
) ENGINE=InnoDB DEFAULT CHARSET=utf8mb4 COLLATE=utf8mb4_unicode_ci;

-- --------------------------------------------------------

--
-- Table structure for table `blog_post_categories`
--

CREATE TABLE `blog_post_categories` (
  `id` bigint UNSIGNED NOT NULL,
  `blog_category_name_en` varchar(255) CHARACTER SET utf8mb4 COLLATE utf8mb4_unicode_ci NOT NULL,
  `blog_category_slug_en` varchar(255) CHARACTER SET utf8mb4 COLLATE utf8mb4_unicode_ci NOT NULL,
  `created_at` timestamp NULL DEFAULT NULL,
  `updated_at` timestamp NULL DEFAULT NULL
) ENGINE=InnoDB DEFAULT CHARSET=utf8mb4 COLLATE=utf8mb4_unicode_ci;

--
-- Dumping data for table `blog_post_categories`
--

INSERT INTO `blog_post_categories` (`id`, `blog_category_name_en`, `blog_category_slug_en`, `created_at`, `updated_at`) VALUES
(2, 'Ok', 'ok', '2022-03-11 21:47:25', NULL);

-- --------------------------------------------------------

--
-- Table structure for table `brands`
--

CREATE TABLE `brands` (
  `id` bigint UNSIGNED NOT NULL,
  `brand_name` varchar(255) CHARACTER SET utf8mb4 COLLATE utf8mb4_unicode_ci NOT NULL,
  `brand_slug` varchar(255) CHARACTER SET utf8mb4 COLLATE utf8mb4_unicode_ci NOT NULL,
  `brand_image` varchar(255) CHARACTER SET utf8mb4 COLLATE utf8mb4_unicode_ci NOT NULL,
  `created_at` timestamp NULL DEFAULT NULL,
  `updated_at` timestamp NULL DEFAULT NULL
) ENGINE=InnoDB DEFAULT CHARSET=utf8mb4 COLLATE=utf8mb4_unicode_ci;

--
-- Dumping data for table `brands`
--

INSERT INTO `brands` (`id`, `brand_name`, `brand_slug`, `brand_image`, `created_at`, `updated_at`) VALUES
(14, 'Mitsubishi', 'mitsubishi', 'upload/brand/1814675019482381.png', NULL, NULL);

-- --------------------------------------------------------

--
-- Table structure for table `categories`
--

CREATE TABLE `categories` (
  `id` bigint UNSIGNED NOT NULL,
  `category_name` varchar(255) CHARACTER SET utf8mb4 COLLATE utf8mb4_unicode_ci NOT NULL,
  `category_slug` varchar(255) CHARACTER SET utf8mb4 COLLATE utf8mb4_unicode_ci NOT NULL,
  `category_icon` varchar(255) CHARACTER SET utf8mb4 COLLATE utf8mb4_unicode_ci NOT NULL,
  `created_at` timestamp NULL DEFAULT NULL,
  `updated_at` timestamp NULL DEFAULT NULL
) ENGINE=InnoDB DEFAULT CHARSET=utf8mb4 COLLATE=utf8mb4_unicode_ci;

--
-- Dumping data for table `categories`
--

INSERT INTO `categories` (`id`, `category_name`, `category_slug`, `category_icon`, `created_at`, `updated_at`) VALUES
(7, 'Produk', 'produk', 'fa fa-solid fa-gears', NULL, NULL);

-- --------------------------------------------------------

--
-- Table structure for table `coupons`
--

CREATE TABLE `coupons` (
  `id` bigint UNSIGNED NOT NULL,
  `coupon_name` varchar(255) CHARACTER SET utf8mb4 COLLATE utf8mb4_unicode_ci NOT NULL,
  `coupon_discount` int NOT NULL,
  `coupon_validity` varchar(255) CHARACTER SET utf8mb4 COLLATE utf8mb4_unicode_ci NOT NULL,
  `status` int NOT NULL DEFAULT '1',
  `created_at` timestamp NULL DEFAULT NULL,
  `updated_at` timestamp NULL DEFAULT NULL
) ENGINE=InnoDB DEFAULT CHARSET=utf8mb4 COLLATE=utf8mb4_unicode_ci;

--
-- Dumping data for table `coupons`
--

INSERT INTO `coupons` (`id`, `coupon_name`, `coupon_discount`, `coupon_validity`, `status`, `created_at`, `updated_at`) VALUES
(1, 'PROMO33', 20, '2023-03-31', 1, '2022-03-13 00:44:06', NULL),
(2, 'AKHIRBULAN', 30, '2022-02-29', 1, '2022-03-13 00:44:36', NULL);

-- --------------------------------------------------------

--
-- Table structure for table `failed_jobs`
--

CREATE TABLE `failed_jobs` (
  `id` bigint UNSIGNED NOT NULL,
  `uuid` varchar(255) CHARACTER SET utf8mb4 COLLATE utf8mb4_unicode_ci NOT NULL,
  `connection` text CHARACTER SET utf8mb4 COLLATE utf8mb4_unicode_ci NOT NULL,
  `queue` text CHARACTER SET utf8mb4 COLLATE utf8mb4_unicode_ci NOT NULL,
  `payload` longtext CHARACTER SET utf8mb4 COLLATE utf8mb4_unicode_ci NOT NULL,
  `exception` longtext CHARACTER SET utf8mb4 COLLATE utf8mb4_unicode_ci NOT NULL,
  `failed_at` timestamp NOT NULL DEFAULT CURRENT_TIMESTAMP
) ENGINE=InnoDB DEFAULT CHARSET=utf8mb4 COLLATE=utf8mb4_unicode_ci;

-- --------------------------------------------------------

--
-- Table structure for table `migrations`
--

CREATE TABLE `migrations` (
  `id` int UNSIGNED NOT NULL,
  `migration` varchar(255) CHARACTER SET utf8mb4 COLLATE utf8mb4_unicode_ci NOT NULL,
  `batch` int NOT NULL
) ENGINE=InnoDB DEFAULT CHARSET=utf8mb4 COLLATE=utf8mb4_unicode_ci;

--
-- Dumping data for table `migrations`
--

INSERT INTO `migrations` (`id`, `migration`, `batch`) VALUES
(1, '2014_10_12_000000_create_users_table', 1),
(2, '2014_10_12_100000_create_password_resets_table', 1),
(3, '2014_10_12_200000_add_two_factor_columns_to_users_table', 1),
(4, '2019_08_19_000000_create_failed_jobs_table', 1),
(5, '2019_12_14_000001_create_personal_access_tokens_table', 1),
(6, '2021_02_02_203839_create_sessions_table', 1),
(7, '2021_02_02_212221_create_admins_table', 1),
(8, '2021_02_09_054528_create_brands_table', 1),
(9, '2021_02_09_111701_create_categories_table', 1),
(10, '2021_02_09_121910_create_sub_categories_table', 1),
(11, '2021_02_16_183944_create_sub_sub_categories_table', 1),
(12, '2021_02_16_204006_create_products_table', 1),
(13, '2021_02_16_205349_create_multi_imgs_table', 1),
(14, '2021_02_20_204829_create_sliders_table', 1),
(15, '2021_03_02_194613_create_wishlists_table', 1),
(16, '2021_03_03_211157_create_coupons_table', 1),
(17, '2021_03_03_222308_create_ship_divisions_table', 1),
(18, '2021_03_09_183956_create_ship_districts_table', 1),
(19, '2021_03_09_194733_create_ship_states_table', 1),
(20, '2021_03_14_203654_create_orders_table', 1),
(21, '2021_03_14_203901_create_order_items_table', 1),
(22, '2021_03_24_183649_create_blog_post_categories_table', 1),
(23, '2021_03_24_194838_create_blog_posts_table', 1),
(24, '2021_03_24_223430_create_site_settings_table', 1),
(25, '2021_03_26_194141_create_seos_table', 1),
(26, '2021_03_27_192140_create_reviews_table', 1);

-- --------------------------------------------------------

--
-- Table structure for table `multi_imgs`
--

CREATE TABLE `multi_imgs` (
  `id` bigint UNSIGNED NOT NULL,
  `product_id` int NOT NULL,
  `photo_name` varchar(255) CHARACTER SET utf8mb4 COLLATE utf8mb4_unicode_ci NOT NULL,
  `created_at` timestamp NULL DEFAULT NULL,
  `updated_at` timestamp NULL DEFAULT NULL
) ENGINE=InnoDB DEFAULT CHARSET=utf8mb4 COLLATE=utf8mb4_unicode_ci;

--
-- Dumping data for table `multi_imgs`
--

INSERT INTO `multi_imgs` (`id`, `product_id`, `photo_name`, `created_at`, `updated_at`) VALUES
(81, 12, 'upload/products/multi-image/1815614788583654.jpg', '2024-11-13 06:39:52', NULL),
(82, 13, 'upload/products/multi-image/1815880849810857.png', '2024-11-16 05:08:48', NULL),
(94, 18, 'upload/products/multi-image/1815882646368850.png', '2024-11-16 05:37:21', NULL),
(95, 18, 'upload/products/multi-image/1815882646823010.png', '2024-11-16 05:37:22', NULL),
(96, 18, 'upload/products/multi-image/1815882647317987.png', '2024-11-16 05:37:22', NULL),
(97, 18, 'upload/products/multi-image/1815882647742261.png', '2024-11-16 05:37:23', NULL),
(98, 18, 'upload/products/multi-image/1815882648239505.png', '2024-11-16 05:37:23', NULL);

-- --------------------------------------------------------

--
-- Table structure for table `orders`
--

CREATE TABLE `orders` (
  `id` bigint UNSIGNED NOT NULL,
  `user_id` bigint UNSIGNED NOT NULL,
  `division_id` bigint UNSIGNED NOT NULL,
  `district_id` bigint UNSIGNED NOT NULL,
  `state_id` bigint UNSIGNED NOT NULL,
  `name` varchar(255) CHARACTER SET utf8mb4 COLLATE utf8mb4_unicode_ci NOT NULL,
  `email` varchar(255) CHARACTER SET utf8mb4 COLLATE utf8mb4_unicode_ci NOT NULL,
  `phone` varchar(255) CHARACTER SET utf8mb4 COLLATE utf8mb4_unicode_ci NOT NULL,
  `post_code` int DEFAULT NULL,
  `address` text CHARACTER SET utf8mb4 COLLATE utf8mb4_unicode_ci NOT NULL,
  `payment_type` varchar(255) CHARACTER SET utf8mb4 COLLATE utf8mb4_unicode_ci NOT NULL,
  `payment_method` varchar(255) CHARACTER SET utf8mb4 COLLATE utf8mb4_unicode_ci DEFAULT NULL,
  `transaction_id` varchar(255) CHARACTER SET utf8mb4 COLLATE utf8mb4_unicode_ci DEFAULT NULL,
  `currency` varchar(255) CHARACTER SET utf8mb4 COLLATE utf8mb4_unicode_ci NOT NULL,
  `amount` int NOT NULL,
  `order_number` varchar(255) CHARACTER SET utf8mb4 COLLATE utf8mb4_unicode_ci DEFAULT NULL,
  `bukti_pembayaran` varchar(255) CHARACTER SET utf8mb4 COLLATE utf8mb4_unicode_ci DEFAULT NULL,
  `invoice_no` varchar(255) CHARACTER SET utf8mb4 COLLATE utf8mb4_unicode_ci NOT NULL,
  `order_date` varchar(255) CHARACTER SET utf8mb4 COLLATE utf8mb4_unicode_ci NOT NULL,
  `order_month` varchar(255) CHARACTER SET utf8mb4 COLLATE utf8mb4_unicode_ci NOT NULL,
  `order_year` varchar(255) CHARACTER SET utf8mb4 COLLATE utf8mb4_unicode_ci NOT NULL,
  `confirmed_date` varchar(255) CHARACTER SET utf8mb4 COLLATE utf8mb4_unicode_ci DEFAULT NULL,
  `processing_date` varchar(255) CHARACTER SET utf8mb4 COLLATE utf8mb4_unicode_ci DEFAULT NULL,
  `picked_date` varchar(255) CHARACTER SET utf8mb4 COLLATE utf8mb4_unicode_ci DEFAULT NULL,
  `shipped_date` varchar(255) CHARACTER SET utf8mb4 COLLATE utf8mb4_unicode_ci DEFAULT NULL,
  `delivered_date` varchar(255) CHARACTER SET utf8mb4 COLLATE utf8mb4_unicode_ci DEFAULT NULL,
  `cancel_date` varchar(255) CHARACTER SET utf8mb4 COLLATE utf8mb4_unicode_ci DEFAULT NULL,
  `return_date` varchar(255) CHARACTER SET utf8mb4 COLLATE utf8mb4_unicode_ci DEFAULT NULL,
  `return_order` varchar(255) CHARACTER SET utf8mb4 COLLATE utf8mb4_unicode_ci DEFAULT NULL,
  `return_reason` varchar(255) CHARACTER SET utf8mb4 COLLATE utf8mb4_unicode_ci DEFAULT NULL,
  `status` varchar(255) CHARACTER SET utf8mb4 COLLATE utf8mb4_unicode_ci NOT NULL,
  `created_at` timestamp NULL DEFAULT NULL,
  `updated_at` timestamp NULL DEFAULT NULL
) ENGINE=InnoDB DEFAULT CHARSET=utf8mb4 COLLATE=utf8mb4_unicode_ci;

-- --------------------------------------------------------

--
-- Table structure for table `order_items`
--

CREATE TABLE `order_items` (
  `id` bigint UNSIGNED NOT NULL,
  `order_id` bigint UNSIGNED NOT NULL,
  `product_id` bigint UNSIGNED NOT NULL,
  `color` varchar(255) CHARACTER SET utf8mb4 COLLATE utf8mb4_unicode_ci DEFAULT NULL,
  `size` varchar(255) CHARACTER SET utf8mb4 COLLATE utf8mb4_unicode_ci DEFAULT NULL,
  `qty` varchar(255) CHARACTER SET utf8mb4 COLLATE utf8mb4_unicode_ci NOT NULL,
  `weight` varchar(255) CHARACTER SET utf8mb4 COLLATE utf8mb4_unicode_ci DEFAULT NULL,
  `price` double(8,2) NOT NULL,
  `created_at` timestamp NULL DEFAULT NULL,
  `updated_at` timestamp NULL DEFAULT NULL
) ENGINE=InnoDB DEFAULT CHARSET=utf8mb4 COLLATE=utf8mb4_unicode_ci;

-- --------------------------------------------------------

--
-- Table structure for table `password_resets`
--

CREATE TABLE `password_resets` (
  `email` varchar(255) CHARACTER SET utf8mb4 COLLATE utf8mb4_unicode_ci NOT NULL,
  `token` varchar(255) CHARACTER SET utf8mb4 COLLATE utf8mb4_unicode_ci NOT NULL,
  `created_at` timestamp NULL DEFAULT NULL
) ENGINE=InnoDB DEFAULT CHARSET=utf8mb4 COLLATE=utf8mb4_unicode_ci;

-- --------------------------------------------------------

--
-- Table structure for table `personal_access_tokens`
--

CREATE TABLE `personal_access_tokens` (
  `id` bigint UNSIGNED NOT NULL,
  `tokenable_type` varchar(255) CHARACTER SET utf8mb4 COLLATE utf8mb4_unicode_ci NOT NULL,
  `tokenable_id` bigint UNSIGNED NOT NULL,
  `name` varchar(255) CHARACTER SET utf8mb4 COLLATE utf8mb4_unicode_ci NOT NULL,
  `token` varchar(64) CHARACTER SET utf8mb4 COLLATE utf8mb4_unicode_ci NOT NULL,
  `abilities` text CHARACTER SET utf8mb4 COLLATE utf8mb4_unicode_ci,
  `last_used_at` timestamp NULL DEFAULT NULL,
  `created_at` timestamp NULL DEFAULT NULL,
  `updated_at` timestamp NULL DEFAULT NULL
) ENGINE=InnoDB DEFAULT CHARSET=utf8mb4 COLLATE=utf8mb4_unicode_ci;

-- --------------------------------------------------------

--
-- Table structure for table `products`
--

CREATE TABLE `products` (
  `id` bigint UNSIGNED NOT NULL,
  `brand_id` int NOT NULL,
  `category_id` int NOT NULL,
  `subcategory_id` int NOT NULL,
  `subsubcategory_id` int NOT NULL,
  `product_name` varchar(255) CHARACTER SET utf8mb4 COLLATE utf8mb4_unicode_ci NOT NULL,
  `product_slug` varchar(255) CHARACTER SET utf8mb4 COLLATE utf8mb4_unicode_ci NOT NULL,
  `product_code` varchar(255) CHARACTER SET utf8mb4 COLLATE utf8mb4_unicode_ci NOT NULL,
  `product_qty` varchar(255) CHARACTER SET utf8mb4 COLLATE utf8mb4_unicode_ci NOT NULL,
  `product_weight` varchar(255) CHARACTER SET utf8mb4 COLLATE utf8mb4_unicode_ci DEFAULT NULL,
  `product_tags` varchar(255) CHARACTER SET utf8mb4 COLLATE utf8mb4_unicode_ci NOT NULL,
  `product_transmission` varchar(255) CHARACTER SET utf8mb4 COLLATE utf8mb4_unicode_ci DEFAULT NULL,
  `product_fuel_type` varchar(255) CHARACTER SET utf8mb4 COLLATE utf8mb4_unicode_ci DEFAULT NULL,
  `product_engine` varchar(255) CHARACTER SET utf8mb4 COLLATE utf8mb4_unicode_ci DEFAULT NULL,
  `product_seat` varchar(255) CHARACTER SET utf8mb4 COLLATE utf8mb4_unicode_ci DEFAULT NULL,
  `product_color` varchar(255) CHARACTER SET utf8mb4 COLLATE utf8mb4_unicode_ci DEFAULT NULL,
  `product_price` varchar(255) CHARACTER SET utf8mb4 COLLATE utf8mb4_unicode_ci NOT NULL,
  `product_discount` varchar(255) CHARACTER SET utf8mb4 COLLATE utf8mb4_unicode_ci DEFAULT NULL,
  `product_short_desc` varchar(255) CHARACTER SET utf8mb4 COLLATE utf8mb4_unicode_ci NOT NULL,
  `product_long_desc` text CHARACTER SET utf8mb4 COLLATE utf8mb4_unicode_ci NOT NULL,
  `product_thambnail` varchar(255) CHARACTER SET utf8mb4 COLLATE utf8mb4_unicode_ci NOT NULL,
  `product_promo` int DEFAULT NULL,
  `new_product` int DEFAULT NULL,
  `new_arrival` int DEFAULT NULL,
  `best_seller` int DEFAULT NULL,
  `status` int NOT NULL DEFAULT '0',
  `created_at` timestamp NULL DEFAULT NULL,
  `updated_at` timestamp NULL DEFAULT NULL
) ENGINE=InnoDB DEFAULT CHARSET=utf8mb4 COLLATE=utf8mb4_unicode_ci;

--
-- Dumping data for table `products`
--

INSERT INTO `products` (`id`, `brand_id`, `category_id`, `subcategory_id`, `subsubcategory_id`, `product_name`, `product_slug`, `product_code`, `product_qty`, `product_weight`, `product_tags`, `product_transmission`, `product_fuel_type`, `product_engine`, `product_seat`, `product_color`, `product_price`, `product_discount`, `product_short_desc`, `product_long_desc`, `product_thambnail`, `product_promo`, `new_product`, `new_arrival`, `best_seller`, `status`, `created_at`, `updated_at`) VALUES
(12, 14, 7, 21, 23, 'Switch Diff Lock', 'switch-diff-lock', '12345', '87', '100', 'Part Engine', NULL, NULL, NULL, NULL, NULL, '87000', '65000', 'Switch Diff Lock', '<p><strong>Switch Diff Lock</strong>&nbsp;adalah untuk&nbsp;mencegah maupun mengatasi mobil mengalami selip saat melewati jalan bergelombang</p>', 'upload/products/thambnail/1815614788353104.jpg', NULL, 1, NULL, 1, 1, '2024-11-13 07:08:05', '2024-11-13 07:08:05'),
(13, 14, 7, 21, 24, 'Motor Wiper', 'motor-wiper', '12345', '87', '100', 'Part Engine', NULL, NULL, NULL, NULL, NULL, '87000', NULL, 'Motor Wiper', '<p>Deskripsi Panjang (Long)</p>', 'upload/products/thambnail/1815880849194819.png', NULL, NULL, 1, NULL, 1, '2024-11-16 05:08:48', NULL),
(18, 14, 7, 22, 25, 'NEW XPANDER 1.5L SPORT CVT 4X2 AT', 'new-xpander-1.5l-sport-cvt-4x2-at', 'XPANDER134', '12', '800000', 'XPANDER', 'Otomatis', 'Bensin', '1497', '7', 'hitam,putih,abu-abu,cokelat,merah', '307800000', NULL, 'XPANDER', '<p>Tampilan Mitsubishi New Xpander Sport terbaru ini sekarang mendapat ubahan desain terutama untuk desain pelek yang sekarang berukuran 16 inci single tone, tidak lagi dual tone atau sama seperti tipe Ultimate. Untuk tampak depan dan belakang sama seperti tipe New Xpander lainnya, dengan lampu depan sudah LED Proyektor dan lampu belakang juga LED dengan desain T-Shape.</p>\r\n\r\n<p>Untuk bagian interior, tipe Sport ini memang punya warna interior yang berbeda di model sebelumnya yaitu hitam. Kali ini di New Xpander Sport warna interiornya juga masih hitam dengan paduan warna coklat, untuk membedakan dengan tipe Exceed dan GLS yang sekarang interiornya hitam semua.&nbsp;</p>\r\n\r\n<p>New Xpander Sport juga tersedia dalam pilihan manual 5-speed dan CVT, tapi untuk versi manual belum dilengkapi dengan EPB dan Auto Brake Hold. Sementara untuk versi CVT sudah tersedia fitur EPB dan Auto Brake Hold ini.&nbsp;</p>\r\n\r\n<p>Lapisan soft touch juga sudah ada di tipe Sport sama seperti di tipe Ultimate dan AC sudah menggunakan model digital. Fitur hiburan menggunakan layar sentuh berukuran 8 inci dengan konektivitas smartphone yang lengkap. Pada tipe Sport CVT sudah dibekali dengan colokan USB tipe A dan C di bagian depan dan baris kedua. Untuk konsol tengah di tipe Sport CVT juga sudah tersedia arm rest.</p>\r\n\r\n<p>Fitur keselamatan semakin lengkap untuk tipe Sport dengan adanya sensor parkir dan kamera belakang, selain tentunya fitur ASC, HSA, ABS dan EBD dan BA serta 2 buah airbag yang tersedia di semua tipe New Xpander.&nbsp;</p>', 'upload/products/thambnail/1815883909276628.png', NULL, 1, 1, NULL, 1, '2024-11-16 05:58:06', '2024-11-16 05:58:06');

-- --------------------------------------------------------

--
-- Table structure for table `reviews`
--

CREATE TABLE `reviews` (
  `id` bigint UNSIGNED NOT NULL,
  `product_id` bigint UNSIGNED NOT NULL,
  `user_id` bigint UNSIGNED NOT NULL,
  `comment` text CHARACTER SET utf8mb4 COLLATE utf8mb4_unicode_ci NOT NULL,
  `rating` varchar(255) CHARACTER SET utf8mb4 COLLATE utf8mb4_unicode_ci DEFAULT NULL,
  `status` varchar(255) CHARACTER SET utf8mb4 COLLATE utf8mb4_unicode_ci NOT NULL DEFAULT '0',
  `created_at` timestamp NULL DEFAULT NULL,
  `updated_at` timestamp NULL DEFAULT NULL
) ENGINE=InnoDB DEFAULT CHARSET=utf8mb4 COLLATE=utf8mb4_unicode_ci;

-- --------------------------------------------------------

--
-- Table structure for table `seos`
--

CREATE TABLE `seos` (
  `id` bigint UNSIGNED NOT NULL,
  `meta_title` varchar(255) CHARACTER SET utf8mb4 COLLATE utf8mb4_unicode_ci DEFAULT NULL,
  `meta_author` varchar(255) CHARACTER SET utf8mb4 COLLATE utf8mb4_unicode_ci DEFAULT NULL,
  `meta_keyword` varchar(255) CHARACTER SET utf8mb4 COLLATE utf8mb4_unicode_ci DEFAULT NULL,
  `meta_description` text CHARACTER SET utf8mb4 COLLATE utf8mb4_unicode_ci,
  `google_analytics` text CHARACTER SET utf8mb4 COLLATE utf8mb4_unicode_ci,
  `created_at` timestamp NULL DEFAULT NULL,
  `updated_at` timestamp NULL DEFAULT NULL
) ENGINE=InnoDB DEFAULT CHARSET=utf8mb4 COLLATE=utf8mb4_unicode_ci;

--
-- Dumping data for table `seos`
--

INSERT INTO `seos` (`id`, `meta_title`, `meta_author`, `meta_keyword`, `meta_description`, `google_analytics`, `created_at`, `updated_at`) VALUES
(1, 'Lautan Berlian Ecommerce', 'lautanberlianku', 'ecommerce, lautanberlianku, sparepart', 'ecommerce', 'window.dataLayer = window.dataLayer || [];\r\n  function gtag(){dataLayer.push(arguments);}\r\n  gtag(\'js\', new Date());\r\n\r\n  gtag(\'config\', \'UA-84816806-1\');', NULL, '2022-05-18 07:29:14');

-- --------------------------------------------------------

--
-- Table structure for table `sessions`
--

CREATE TABLE `sessions` (
  `id` varchar(255) CHARACTER SET utf8mb4 COLLATE utf8mb4_unicode_ci NOT NULL,
  `user_id` bigint UNSIGNED DEFAULT NULL,
  `ip_address` varchar(45) CHARACTER SET utf8mb4 COLLATE utf8mb4_unicode_ci DEFAULT NULL,
  `user_agent` text CHARACTER SET utf8mb4 COLLATE utf8mb4_unicode_ci,
  `payload` text CHARACTER SET utf8mb4 COLLATE utf8mb4_unicode_ci NOT NULL,
  `last_activity` int NOT NULL
) ENGINE=InnoDB DEFAULT CHARSET=utf8mb4 COLLATE=utf8mb4_unicode_ci;

--
-- Dumping data for table `sessions`
--

INSERT INTO `sessions` (`id`, `user_id`, `ip_address`, `user_agent`, `payload`, `last_activity`) VALUES
('nSPsxYuSsLd02dpvVgCiu4l4CwSPdyO99AAVRuXm', 2, '127.0.0.1', 'Mozilla/5.0 (Windows NT 10.0; Win64; x64) AppleWebKit/537.36 (KHTML, like Gecko) Chrome/130.0.0.0 Safari/537.36', 'YTo1OntzOjY6Il90b2tlbiI7czo0MDoiSFZkcEVnTHpFWVBnTElUeGdSMGtHVHYzOXNZcUNIdXY4TVpDcjQxZyI7czo5OiJfcHJldmlvdXMiO2E6MTp7czozOiJ1cmwiO3M6Mzc6Imh0dHA6Ly9sb2NhbGhvc3Q6ODA4MC9wcm9kdWN0L2VkaXQvMTgiO31zOjY6Il9mbGFzaCI7YToyOntzOjM6Im9sZCI7YTowOnt9czozOiJuZXciO2E6MDp7fX1zOjUyOiJsb2dpbl9hZG1pbl81OWJhMzZhZGRjMmIyZjk0MDE1ODBmMDE0YzdmNThlYTRlMzA5ODlkIjtpOjI7czo0OiJjYXJ0IjthOjE6e3M6NzoiZGVmYXVsdCI7TzoyOToiSWxsdW1pbmF0ZVxTdXBwb3J0XENvbGxlY3Rpb24iOjI6e3M6ODoiACoAaXRlbXMiO2E6Mjp7czozMjoiYzhkOGFlYTI5YzkzNzU4ODRlMjU0ZTExNDc3MzgwOTQiO086MzI6Ikdsb3VkZW1hbnNcU2hvcHBpbmdjYXJ0XENhcnRJdGVtIjoxMTp7czo1OiJyb3dJZCI7czozMjoiYzhkOGFlYTI5YzkzNzU4ODRlMjU0ZTExNDc3MzgwOTQiO3M6MjoiaWQiO3M6MjoiMTIiO3M6MzoicXR5IjtzOjE6IjEiO3M6NDoibmFtZSI7czoxNjoiU3dpdGNoIERpZmYgTG9jayI7czo1OiJwcmljZSI7ZDo2NTAwMDtzOjY6IndlaWdodCI7ZDoxMDA7czo3OiJvcHRpb25zIjtPOjM5OiJHbG91ZGVtYW5zXFNob3BwaW5nY2FydFxDYXJ0SXRlbU9wdGlvbnMiOjI6e3M6ODoiACoAaXRlbXMiO2E6Mzp7czo1OiJpbWFnZSI7czo0NjoidXBsb2FkL3Byb2R1Y3RzL3RoYW1ibmFpbC8xODE1NjE0Nzg4MzUzMTA0LmpwZyI7czo1OiJjb2xvciI7czoxNToiLS1QaWxpaCBXYXJuYS0tIjtzOjQ6InNpemUiO047fXM6Mjg6IgAqAGVzY2FwZVdoZW5DYXN0aW5nVG9TdHJpbmciO2I6MDt9czo3OiJ0YXhSYXRlIjtpOjA7czo0OToiAEdsb3VkZW1hbnNcU2hvcHBpbmdjYXJ0XENhcnRJdGVtAGFzc29jaWF0ZWRNb2RlbCI7TjtzOjQ2OiIAR2xvdWRlbWFuc1xTaG9wcGluZ2NhcnRcQ2FydEl0ZW0AZGlzY291bnRSYXRlIjtpOjA7czo4OiJpbnN0YW5jZSI7czo3OiJkZWZhdWx0Ijt9czozMjoiMDI4MGRiNjZmMWQ4MTY3MjM0MTM4ZDBjZjI4Yzk5MjEiO086MzI6Ikdsb3VkZW1hbnNcU2hvcHBpbmdjYXJ0XENhcnRJdGVtIjoxMTp7czo1OiJyb3dJZCI7czozMjoiMDI4MGRiNjZmMWQ4MTY3MjM0MTM4ZDBjZjI4Yzk5MjEiO3M6MjoiaWQiO3M6MjoiMTgiO3M6MzoicXR5IjtzOjE6IjEiO3M6NDoibmFtZSI7czozMzoiTkVXIFhQQU5ERVIgMS41TCBTUE9SVCBDVlQgNFgyIEFUIjtzOjU6InByaWNlIjtkOjMwNzgwMDAwMDtzOjY6IndlaWdodCI7ZDowO3M6Nzoib3B0aW9ucyI7TzozOToiR2xvdWRlbWFuc1xTaG9wcGluZ2NhcnRcQ2FydEl0ZW1PcHRpb25zIjoyOntzOjg6IgAqAGl0ZW1zIjthOjM6e3M6NToiaW1hZ2UiO3M6NDY6InVwbG9hZC9wcm9kdWN0cy90aGFtYm5haWwvMTgxNTg4MjY0NTkzMDQwMS5wbmciO3M6NToiY29sb3IiO3M6NzoiQWJ1LWFidSI7czo0OiJzaXplIjtOO31zOjI4OiIAKgBlc2NhcGVXaGVuQ2FzdGluZ1RvU3RyaW5nIjtiOjA7fXM6NzoidGF4UmF0ZSI7aTowO3M6NDk6IgBHbG91ZGVtYW5zXFNob3BwaW5nY2FydFxDYXJ0SXRlbQBhc3NvY2lhdGVkTW9kZWwiO047czo0NjoiAEdsb3VkZW1hbnNcU2hvcHBpbmdjYXJ0XENhcnRJdGVtAGRpc2NvdW50UmF0ZSI7aTowO3M6ODoiaW5zdGFuY2UiO3M6NzoiZGVmYXVsdCI7fX1zOjI4OiIAKgBlc2NhcGVXaGVuQ2FzdGluZ1RvU3RyaW5nIjtiOjA7fX19', 1731761922),
('x0BzG3cPtmS793Bpkz8WEuGzBDmNhcReLXs92SOn', NULL, '127.0.0.1', 'Mozilla/5.0 (Linux; Android 6.0; Nexus 5 Build/MRA58N) AppleWebKit/537.36 (KHTML, like Gecko) Chrome/130.0.0.0 Mobile Safari/537.36', 'YTozOntzOjY6Il90b2tlbiI7czo0MDoiSFpOYlAxSm85RzNnc2VPZEk5RTN3cUdYWjJIYjRWOGVlb1lPRFlnSSI7czo2OiJfZmxhc2giO2E6Mjp7czozOiJvbGQiO2E6MDp7fXM6MzoibmV3IjthOjA6e319czo5OiJfcHJldmlvdXMiO2E6MTp7czozOiJ1cmwiO3M6NzQ6Imh0dHA6Ly9sb2NhbGhvc3Q6ODA4MC9wcm9kdWN0L2RldGFpbHMvMTgvbmV3LXhwYW5kZXItMS41bC1zcG9ydC1jdnQtNHgyLWF0Ijt9fQ==', 1731760757);

-- --------------------------------------------------------

--
-- Table structure for table `ship_districts`
--

CREATE TABLE `ship_districts` (
  `id` bigint UNSIGNED NOT NULL,
  `division_id` bigint UNSIGNED NOT NULL,
  `district_name` varchar(255) CHARACTER SET utf8mb4 COLLATE utf8mb4_unicode_ci NOT NULL,
  `created_at` timestamp NULL DEFAULT NULL,
  `updated_at` timestamp NULL DEFAULT NULL
) ENGINE=InnoDB DEFAULT CHARSET=utf8mb4 COLLATE=utf8mb4_unicode_ci;

--
-- Dumping data for table `ship_districts`
--

INSERT INTO `ship_districts` (`id`, `division_id`, `district_name`, `created_at`, `updated_at`) VALUES
(1, 1, 'Kabupaten Bandung', '2022-03-13 01:50:49', NULL),
(2, 1, 'Bandung', '2022-03-13 01:50:56', NULL),
(3, 2, 'Madura', '2022-05-11 01:36:56', NULL);

-- --------------------------------------------------------

--
-- Table structure for table `ship_divisions`
--

CREATE TABLE `ship_divisions` (
  `id` bigint UNSIGNED NOT NULL,
  `division_name` varchar(255) CHARACTER SET utf8mb4 COLLATE utf8mb4_unicode_ci NOT NULL,
  `created_at` timestamp NULL DEFAULT NULL,
  `updated_at` timestamp NULL DEFAULT NULL
) ENGINE=InnoDB DEFAULT CHARSET=utf8mb4 COLLATE=utf8mb4_unicode_ci;

--
-- Dumping data for table `ship_divisions`
--

INSERT INTO `ship_divisions` (`id`, `division_name`, `created_at`, `updated_at`) VALUES
(1, 'Jawa Barat', '2022-05-12 01:10:59', '2022-05-12 01:10:59'),
(2, 'Jawa Timur', '2022-05-11 01:36:38', NULL),
(3, 'DKI Jakarta', '2022-05-12 01:10:26', NULL);

-- --------------------------------------------------------

--
-- Table structure for table `ship_states`
--

CREATE TABLE `ship_states` (
  `id` bigint UNSIGNED NOT NULL,
  `division_id` bigint UNSIGNED NOT NULL,
  `district_id` bigint UNSIGNED NOT NULL,
  `state_name` varchar(255) CHARACTER SET utf8mb4 COLLATE utf8mb4_unicode_ci NOT NULL,
  `created_at` timestamp NULL DEFAULT NULL,
  `updated_at` timestamp NULL DEFAULT NULL
) ENGINE=InnoDB DEFAULT CHARSET=utf8mb4 COLLATE=utf8mb4_unicode_ci;

--
-- Dumping data for table `ship_states`
--

INSERT INTO `ship_states` (`id`, `division_id`, `district_id`, `state_name`, `created_at`, `updated_at`) VALUES
(2, 1, 1, 'Ciwidey', '2022-03-13 01:51:18', NULL),
(4, 1, 2, 'Pasirjambu', '2022-05-12 02:24:30', NULL);

-- --------------------------------------------------------

--
-- Table structure for table `site_settings`
--

CREATE TABLE `site_settings` (
  `id` bigint UNSIGNED NOT NULL,
  `logo` varchar(255) CHARACTER SET utf8mb4 COLLATE utf8mb4_unicode_ci DEFAULT NULL,
  `phone_one` varchar(255) CHARACTER SET utf8mb4 COLLATE utf8mb4_unicode_ci DEFAULT NULL,
  `phone_two` varchar(255) CHARACTER SET utf8mb4 COLLATE utf8mb4_unicode_ci DEFAULT NULL,
  `email` varchar(255) CHARACTER SET utf8mb4 COLLATE utf8mb4_unicode_ci DEFAULT NULL,
  `company_name` varchar(255) CHARACTER SET utf8mb4 COLLATE utf8mb4_unicode_ci DEFAULT NULL,
  `company_address` varchar(255) CHARACTER SET utf8mb4 COLLATE utf8mb4_unicode_ci DEFAULT NULL,
  `facebook` varchar(255) CHARACTER SET utf8mb4 COLLATE utf8mb4_unicode_ci DEFAULT NULL,
  `twitter` varchar(255) CHARACTER SET utf8mb4 COLLATE utf8mb4_unicode_ci DEFAULT NULL,
  `linkedin` varchar(255) CHARACTER SET utf8mb4 COLLATE utf8mb4_unicode_ci DEFAULT NULL,
  `youtube` varchar(255) CHARACTER SET utf8mb4 COLLATE utf8mb4_unicode_ci DEFAULT NULL,
  `created_at` timestamp NULL DEFAULT NULL,
  `updated_at` timestamp NULL DEFAULT NULL
) ENGINE=InnoDB DEFAULT CHARSET=utf8mb4 COLLATE=utf8mb4_unicode_ci;

--
-- Dumping data for table `site_settings`
--

INSERT INTO `site_settings` (`id`, `logo`, `phone_one`, `phone_two`, `email`, `company_name`, `company_address`, `facebook`, `twitter`, `linkedin`, `youtube`, `created_at`, `updated_at`) VALUES
(1, 'upload/logo/1727013687201165.png', '+6281563977109', '+62895335490295', 'esalza@gmail.com', 'SALZA', 'Jl. Babakan Tiga No. 82 Ciwidey', 'salzashop', 'salzashop', 'salzashop', 'salza', NULL, '2022-05-12 11:03:31');

-- --------------------------------------------------------

--
-- Table structure for table `sliders`
--

CREATE TABLE `sliders` (
  `id` bigint UNSIGNED NOT NULL,
  `slider_img` varchar(255) CHARACTER SET utf8mb4 COLLATE utf8mb4_unicode_ci NOT NULL,
  `title` varchar(255) CHARACTER SET utf8mb4 COLLATE utf8mb4_unicode_ci DEFAULT NULL,
  `description` text CHARACTER SET utf8mb4 COLLATE utf8mb4_unicode_ci,
  `status` int NOT NULL DEFAULT '1',
  `created_at` timestamp NULL DEFAULT NULL,
  `updated_at` timestamp NULL DEFAULT NULL
) ENGINE=InnoDB DEFAULT CHARSET=utf8mb4 COLLATE=utf8mb4_unicode_ci;

--
-- Dumping data for table `sliders`
--

INSERT INTO `sliders` (`id`, `slider_img`, `title`, `description`, `status`, `created_at`, `updated_at`) VALUES
(1, 'upload/slider/1814583273199486.jpg', 'Company Banner 1', 'Customer experience and engagement', 1, NULL, '2024-11-01 21:24:23');

-- --------------------------------------------------------

--
-- Table structure for table `sub_categories`
--

CREATE TABLE `sub_categories` (
  `id` bigint UNSIGNED NOT NULL,
  `category_id` int NOT NULL,
  `subcategory_name` varchar(255) CHARACTER SET utf8mb4 COLLATE utf8mb4_unicode_ci NOT NULL,
  `subcategory_slug` varchar(255) CHARACTER SET utf8mb4 COLLATE utf8mb4_unicode_ci NOT NULL,
  `created_at` timestamp NULL DEFAULT NULL,
  `updated_at` timestamp NULL DEFAULT NULL
) ENGINE=InnoDB DEFAULT CHARSET=utf8mb4 COLLATE=utf8mb4_unicode_ci;

--
-- Dumping data for table `sub_categories`
--

INSERT INTO `sub_categories` (`id`, `category_id`, `subcategory_name`, `subcategory_slug`, `created_at`, `updated_at`) VALUES
(21, 7, 'Sparepart', 'sparepart', NULL, NULL),
(22, 7, 'Vehicles', 'vehicles', NULL, NULL);

-- --------------------------------------------------------

--
-- Table structure for table `sub_sub_categories`
--

CREATE TABLE `sub_sub_categories` (
  `id` bigint UNSIGNED NOT NULL,
  `category_id` int NOT NULL,
  `subcategory_id` int NOT NULL,
  `subsubcategory_name` varchar(255) CHARACTER SET utf8mb4 COLLATE utf8mb4_unicode_ci NOT NULL,
  `subsubcategory_slug` varchar(255) CHARACTER SET utf8mb4 COLLATE utf8mb4_unicode_ci NOT NULL,
  `created_at` timestamp NULL DEFAULT NULL,
  `updated_at` timestamp NULL DEFAULT NULL
) ENGINE=InnoDB DEFAULT CHARSET=utf8mb4 COLLATE=utf8mb4_unicode_ci;

--
-- Dumping data for table `sub_sub_categories`
--

INSERT INTO `sub_sub_categories` (`id`, `category_id`, `subcategory_id`, `subsubcategory_name`, `subsubcategory_slug`, `created_at`, `updated_at`) VALUES
(23, 7, 21, 'Part Engine', 'part-engine', NULL, NULL),
(24, 7, 21, 'Part Lawas', 'part-lawas', NULL, NULL),
(25, 7, 22, 'Kendaraan Penumpang', 'kendaraan-penumpang', NULL, NULL),
(26, 7, 22, 'Kendaraan Niaga Ringan', 'kendaraan-niaga-ringan', NULL, NULL),
(27, 7, 22, 'Kendaraan Niaga', 'kendaraan-niaga', NULL, NULL);

-- --------------------------------------------------------

--
-- Table structure for table `users`
--

CREATE TABLE `users` (
  `id` bigint UNSIGNED NOT NULL,
  `name` varchar(255) CHARACTER SET utf8mb4 COLLATE utf8mb4_unicode_ci NOT NULL,
  `email` varchar(255) CHARACTER SET utf8mb4 COLLATE utf8mb4_unicode_ci NOT NULL,
  `phone` varchar(255) CHARACTER SET utf8mb4 COLLATE utf8mb4_unicode_ci DEFAULT NULL,
  `post_code` varchar(255) CHARACTER SET utf8mb4 COLLATE utf8mb4_unicode_ci DEFAULT NULL,
  `address` text CHARACTER SET utf8mb4 COLLATE utf8mb4_unicode_ci,
  `last_seen` varchar(255) CHARACTER SET utf8mb4 COLLATE utf8mb4_unicode_ci DEFAULT NULL,
  `email_verified_at` timestamp NULL DEFAULT NULL,
  `password` varchar(255) CHARACTER SET utf8mb4 COLLATE utf8mb4_unicode_ci NOT NULL,
  `two_factor_secret` text CHARACTER SET utf8mb4 COLLATE utf8mb4_unicode_ci,
  `two_factor_recovery_codes` text CHARACTER SET utf8mb4 COLLATE utf8mb4_unicode_ci,
  `remember_token` varchar(100) CHARACTER SET utf8mb4 COLLATE utf8mb4_unicode_ci DEFAULT NULL,
  `current_team_id` bigint UNSIGNED DEFAULT NULL,
  `profile_photo_path` text CHARACTER SET utf8mb4 COLLATE utf8mb4_unicode_ci,
  `created_at` timestamp NULL DEFAULT NULL,
  `updated_at` timestamp NULL DEFAULT NULL
) ENGINE=InnoDB DEFAULT CHARSET=utf8mb4 COLLATE=utf8mb4_unicode_ci;

--
-- Dumping data for table `users`
--

INSERT INTO `users` (`id`, `name`, `email`, `phone`, `post_code`, `address`, `last_seen`, `email_verified_at`, `password`, `two_factor_secret`, `two_factor_recovery_codes`, `remember_token`, `current_team_id`, `profile_photo_path`, `created_at`, `updated_at`) VALUES
(1, 'User', 'user@gmail.com', '081563977109', '40972', 'Kp. Cibodas Rt 01 / Rw 16 Desa Cibodas', '2022-05-18 14:33:40', NULL, '$2y$10$oQNzoL1AvA9NBP.6OX7Xt.xH/3/mV0u5JmcJUTN7pT/W3XRrnAP.2', NULL, NULL, 'njIw6Wf2KiUp64aoUnB1rBLXX5qyYLH1BdQYomVJ1j8nnH46WoEm6IpLAggG', NULL, '202205121617avatar-16.png', '2022-05-12 09:12:22', '2022-05-18 07:33:40'),
(2, 'Salsa Nur Maulani', 'salsa@gmail.com', '0895335490295', '40973', 'Kp. Pasir Handap Rt 01 / Rw 16', '2022-05-12 18:25:12', NULL, '$2y$10$i0/H6FSzZX0LOly01Omz2.m9Gup2OmCKIkWCYqs01BN2loK6H90XW', NULL, NULL, NULL, NULL, '202205121820avatar-3.png', '2022-05-12 11:18:23', '2022-05-12 11:25:12');

-- --------------------------------------------------------

--
-- Table structure for table `wishlists`
--

CREATE TABLE `wishlists` (
  `id` bigint UNSIGNED NOT NULL,
  `user_id` bigint UNSIGNED NOT NULL,
  `product_id` bigint UNSIGNED NOT NULL,
  `created_at` timestamp NULL DEFAULT NULL,
  `updated_at` timestamp NULL DEFAULT NULL
) ENGINE=InnoDB DEFAULT CHARSET=utf8mb4 COLLATE=utf8mb4_unicode_ci;

--
-- Indexes for dumped tables
--

--
-- Indexes for table `admins`
--
ALTER TABLE `admins`
  ADD PRIMARY KEY (`id`),
  ADD UNIQUE KEY `admins_email_unique` (`email`);

--
-- Indexes for table `blog_posts`
--
ALTER TABLE `blog_posts`
  ADD PRIMARY KEY (`id`);

--
-- Indexes for table `blog_post_categories`
--
ALTER TABLE `blog_post_categories`
  ADD PRIMARY KEY (`id`);

--
-- Indexes for table `brands`
--
ALTER TABLE `brands`
  ADD PRIMARY KEY (`id`);

--
-- Indexes for table `categories`
--
ALTER TABLE `categories`
  ADD PRIMARY KEY (`id`);

--
-- Indexes for table `coupons`
--
ALTER TABLE `coupons`
  ADD PRIMARY KEY (`id`);

--
-- Indexes for table `failed_jobs`
--
ALTER TABLE `failed_jobs`
  ADD PRIMARY KEY (`id`),
  ADD UNIQUE KEY `failed_jobs_uuid_unique` (`uuid`);

--
-- Indexes for table `migrations`
--
ALTER TABLE `migrations`
  ADD PRIMARY KEY (`id`);

--
-- Indexes for table `multi_imgs`
--
ALTER TABLE `multi_imgs`
  ADD PRIMARY KEY (`id`);

--
-- Indexes for table `orders`
--
ALTER TABLE `orders`
  ADD PRIMARY KEY (`id`);

--
-- Indexes for table `order_items`
--
ALTER TABLE `order_items`
  ADD PRIMARY KEY (`id`),
  ADD KEY `order_items_order_id_foreign` (`order_id`);

--
-- Indexes for table `password_resets`
--
ALTER TABLE `password_resets`
  ADD KEY `password_resets_email_index` (`email`);

--
-- Indexes for table `personal_access_tokens`
--
ALTER TABLE `personal_access_tokens`
  ADD PRIMARY KEY (`id`),
  ADD UNIQUE KEY `personal_access_tokens_token_unique` (`token`),
  ADD KEY `personal_access_tokens_tokenable_type_tokenable_id_index` (`tokenable_type`,`tokenable_id`);

--
-- Indexes for table `products`
--
ALTER TABLE `products`
  ADD PRIMARY KEY (`id`);

--
-- Indexes for table `reviews`
--
ALTER TABLE `reviews`
  ADD PRIMARY KEY (`id`),
  ADD KEY `reviews_product_id_foreign` (`product_id`),
  ADD KEY `reviews_user_id_foreign` (`user_id`);

--
-- Indexes for table `seos`
--
ALTER TABLE `seos`
  ADD PRIMARY KEY (`id`);

--
-- Indexes for table `sessions`
--
ALTER TABLE `sessions`
  ADD PRIMARY KEY (`id`),
  ADD KEY `sessions_user_id_index` (`user_id`),
  ADD KEY `sessions_last_activity_index` (`last_activity`);

--
-- Indexes for table `ship_districts`
--
ALTER TABLE `ship_districts`
  ADD PRIMARY KEY (`id`);

--
-- Indexes for table `ship_divisions`
--
ALTER TABLE `ship_divisions`
  ADD PRIMARY KEY (`id`);

--
-- Indexes for table `ship_states`
--
ALTER TABLE `ship_states`
  ADD PRIMARY KEY (`id`);

--
-- Indexes for table `site_settings`
--
ALTER TABLE `site_settings`
  ADD PRIMARY KEY (`id`);

--
-- Indexes for table `sliders`
--
ALTER TABLE `sliders`
  ADD PRIMARY KEY (`id`);

--
-- Indexes for table `sub_categories`
--
ALTER TABLE `sub_categories`
  ADD PRIMARY KEY (`id`);

--
-- Indexes for table `sub_sub_categories`
--
ALTER TABLE `sub_sub_categories`
  ADD PRIMARY KEY (`id`);

--
-- Indexes for table `users`
--
ALTER TABLE `users`
  ADD PRIMARY KEY (`id`),
  ADD UNIQUE KEY `users_email_unique` (`email`);

--
-- Indexes for table `wishlists`
--
ALTER TABLE `wishlists`
  ADD PRIMARY KEY (`id`);

--
-- AUTO_INCREMENT for dumped tables
--

--
-- AUTO_INCREMENT for table `admins`
--
ALTER TABLE `admins`
  MODIFY `id` bigint UNSIGNED NOT NULL AUTO_INCREMENT, AUTO_INCREMENT=3;

--
-- AUTO_INCREMENT for table `blog_posts`
--
ALTER TABLE `blog_posts`
  MODIFY `id` bigint UNSIGNED NOT NULL AUTO_INCREMENT, AUTO_INCREMENT=3;

--
-- AUTO_INCREMENT for table `blog_post_categories`
--
ALTER TABLE `blog_post_categories`
  MODIFY `id` bigint UNSIGNED NOT NULL AUTO_INCREMENT, AUTO_INCREMENT=3;

--
-- AUTO_INCREMENT for table `brands`
--
ALTER TABLE `brands`
  MODIFY `id` bigint UNSIGNED NOT NULL AUTO_INCREMENT, AUTO_INCREMENT=15;

--
-- AUTO_INCREMENT for table `categories`
--
ALTER TABLE `categories`
  MODIFY `id` bigint UNSIGNED NOT NULL AUTO_INCREMENT, AUTO_INCREMENT=8;

--
-- AUTO_INCREMENT for table `coupons`
--
ALTER TABLE `coupons`
  MODIFY `id` bigint UNSIGNED NOT NULL AUTO_INCREMENT, AUTO_INCREMENT=5;

--
-- AUTO_INCREMENT for table `failed_jobs`
--
ALTER TABLE `failed_jobs`
  MODIFY `id` bigint UNSIGNED NOT NULL AUTO_INCREMENT;

--
-- AUTO_INCREMENT for table `migrations`
--
ALTER TABLE `migrations`
  MODIFY `id` int UNSIGNED NOT NULL AUTO_INCREMENT, AUTO_INCREMENT=27;

--
-- AUTO_INCREMENT for table `multi_imgs`
--
ALTER TABLE `multi_imgs`
  MODIFY `id` bigint UNSIGNED NOT NULL AUTO_INCREMENT, AUTO_INCREMENT=99;

--
-- AUTO_INCREMENT for table `orders`
--
ALTER TABLE `orders`
  MODIFY `id` bigint UNSIGNED NOT NULL AUTO_INCREMENT, AUTO_INCREMENT=10;

--
-- AUTO_INCREMENT for table `order_items`
--
ALTER TABLE `order_items`
  MODIFY `id` bigint UNSIGNED NOT NULL AUTO_INCREMENT, AUTO_INCREMENT=9;

--
-- AUTO_INCREMENT for table `personal_access_tokens`
--
ALTER TABLE `personal_access_tokens`
  MODIFY `id` bigint UNSIGNED NOT NULL AUTO_INCREMENT;

--
-- AUTO_INCREMENT for table `products`
--
ALTER TABLE `products`
  MODIFY `id` bigint UNSIGNED NOT NULL AUTO_INCREMENT, AUTO_INCREMENT=19;

--
-- AUTO_INCREMENT for table `reviews`
--
ALTER TABLE `reviews`
  MODIFY `id` bigint UNSIGNED NOT NULL AUTO_INCREMENT, AUTO_INCREMENT=10;

--
-- AUTO_INCREMENT for table `seos`
--
ALTER TABLE `seos`
  MODIFY `id` bigint UNSIGNED NOT NULL AUTO_INCREMENT, AUTO_INCREMENT=2;

--
-- AUTO_INCREMENT for table `ship_districts`
--
ALTER TABLE `ship_districts`
  MODIFY `id` bigint UNSIGNED NOT NULL AUTO_INCREMENT, AUTO_INCREMENT=5;

--
-- AUTO_INCREMENT for table `ship_divisions`
--
ALTER TABLE `ship_divisions`
  MODIFY `id` bigint UNSIGNED NOT NULL AUTO_INCREMENT, AUTO_INCREMENT=4;

--
-- AUTO_INCREMENT for table `ship_states`
--
ALTER TABLE `ship_states`
  MODIFY `id` bigint UNSIGNED NOT NULL AUTO_INCREMENT, AUTO_INCREMENT=5;

--
-- AUTO_INCREMENT for table `site_settings`
--
ALTER TABLE `site_settings`
  MODIFY `id` bigint UNSIGNED NOT NULL AUTO_INCREMENT, AUTO_INCREMENT=2;

--
-- AUTO_INCREMENT for table `sliders`
--
ALTER TABLE `sliders`
  MODIFY `id` bigint UNSIGNED NOT NULL AUTO_INCREMENT, AUTO_INCREMENT=6;

--
-- AUTO_INCREMENT for table `sub_categories`
--
ALTER TABLE `sub_categories`
  MODIFY `id` bigint UNSIGNED NOT NULL AUTO_INCREMENT, AUTO_INCREMENT=23;

--
-- AUTO_INCREMENT for table `sub_sub_categories`
--
ALTER TABLE `sub_sub_categories`
  MODIFY `id` bigint UNSIGNED NOT NULL AUTO_INCREMENT, AUTO_INCREMENT=28;

--
-- AUTO_INCREMENT for table `users`
--
ALTER TABLE `users`
  MODIFY `id` bigint UNSIGNED NOT NULL AUTO_INCREMENT, AUTO_INCREMENT=8;

--
-- AUTO_INCREMENT for table `wishlists`
--
ALTER TABLE `wishlists`
  MODIFY `id` bigint UNSIGNED NOT NULL AUTO_INCREMENT, AUTO_INCREMENT=7;

--
-- Constraints for dumped tables
--

--
-- Constraints for table `order_items`
--
ALTER TABLE `order_items`
  ADD CONSTRAINT `order_items_order_id_foreign` FOREIGN KEY (`order_id`) REFERENCES `orders` (`id`) ON DELETE CASCADE;

--
-- Constraints for table `reviews`
--
ALTER TABLE `reviews`
  ADD CONSTRAINT `reviews_product_id_foreign` FOREIGN KEY (`product_id`) REFERENCES `products` (`id`) ON DELETE CASCADE,
  ADD CONSTRAINT `reviews_user_id_foreign` FOREIGN KEY (`user_id`) REFERENCES `users` (`id`) ON DELETE CASCADE;
COMMIT;

/*!40101 SET CHARACTER_SET_CLIENT=@OLD_CHARACTER_SET_CLIENT */;
/*!40101 SET CHARACTER_SET_RESULTS=@OLD_CHARACTER_SET_RESULTS */;
/*!40101 SET COLLATION_CONNECTION=@OLD_COLLATION_CONNECTION */;
